<?xml version="1.0" encoding="utf-8"?>
<renderitem xmlns="http://schemas.kinemaster.com/km/renderitem" main="mainScript"
            id="com.nexstreaming.vas.wooble"
            type="title"
            intime="1500"
            outtime="0"
            intimefirst="1500"
            outtimelast="0"
            repeat="no"
            name="wooble">

	<parameter id="bOriAlpha" type="range" default="1" minvalue="0" maxvalue="1" hidden="true">
    <string name="label" lang="en">flag : whether the ori alpha value is used </string>
  </parameter>

	<parameter id="phaseX" type="range" default="0" minvalue="-200" maxvalue="200">
		<string name="label" lang="en">➡️ X: Phase</string>
	</parameter>

  <parameter id="x_freq" type="range" default="10" minvalue="0" maxvalue="100">
    <string name="label" lang="en">🛜 X: Frequency</string> 
  </parameter>
  
  <parameter id="x_amp" type="range" default="20" minvalue="0" maxvalue="100">
    <string name="label" lang="en">⏩ X: Amplitude</string>
  </parameter>

	<parameter id="phaseY" type="range" default="0" minvalue="-200" maxvalue="200">
		<string name="label" lang="en">⬆️ Y: Phase</string>
	</parameter>

  <parameter id="y_freq" type="range" default="10" minvalue="0" maxvalue="100">
    <string name="label" lang="en">🛜 Y: Frequency</string>
  </parameter>

  <parameter id="y_amp" type="range" default="20" minvalue="0" maxvalue="100">
    <string name="label" lang="en">⏫ Y: Amplitude</string>
  </parameter>
	
	<parameter id="angle" type="range" default="0" minvalue="-180" maxvalue="180">
		<string name="label" lang="en">🌊 Ripple Angle</string>
	</parameter>
	
	<parameter id="warpAngle" type="range" default="0" minvalue="-180" maxvalue="180">
		<string name="label" lang="en">🌀 Warp Angle</string>
	</parameter>
	
	<parameter id="wavePivotX" type="range" default="0" minvalue="-100" maxvalue="100">
		<string name="label" lang="en">↔️ X: Wave Pivot</string>
	</parameter>
	
	<parameter id="wavePivotY" type="range" default="0" minvalue="-100" maxvalue="100">
		<string name="label" lang="en">↕️ Y: Wave Pivot</string>
	</parameter>
	
	<userfield id="ogTexToggle" type="selection" default="0.0">
  	<option value="0.0">
  		<fieldlabel locale="en" value="Normal Mode"/>
  	</option>
 	 <option value="1.0">
  		<fieldlabel locale="en" value="Alpha BG support"/>
  	</option>
	</userfield>
  
	<parameter id="damp_separator" type="color" default="#24222F">
		<string name="label" lang="en">🔻 Damping</string>
	</parameter>
	
	<parameter id="damp_amp" type="range" widget="slider" default="0" minvalue="-100" maxvalue="100">
		<string name="label" lang="en">⏩ Amplitude</string>
	</parameter>
	
	<parameter id="damp_freq" type="range" widget="slider" default="0" minvalue="-100" maxvalue="100">
		<string name="label" lang="en">🛜 Frequency</string>
	</parameter>
	
	<parameter id="damp_anch" type="range" widget="slider" default="0" minvalue="-100" maxvalue="100">
		<string name="label" lang="en">🛜 Anchor</string>
	</parameter>
	
	<parameter id="misc_separator" type="color" default="#24222F">
		<string name="label" lang="en">🔻 Miscellaneous</string>
	</parameter>
	
	<parameter id="mult_freq" type="range" default="1" minvalue="1" maxvalue="10">
		<string name="label" lang="en">🛜✖️ Frequency Multiplier</string>
	</parameter>
	
	<parameter id="mult_wp" type="range" default="1" minvalue="1" maxvalue="10">
		<string name="label" lang="en">🔅✖️ Pivot Multiplier</string>
	</parameter>
	
	<parameter id="strength" type="range" default="100" minvalue="0" maxvalue="100">
		<string name="label" lang="en">🦾 Strength</string>
	</parameter>

  <parameter id="speed" type="range" default="0" minvalue="-50" maxvalue="50">
    <string name="label" lang="en">📶 Speed</string>
  </parameter>
	
	<script name="default" language="lua" src="nexstreaming.lua"/>

	<shader name="filters_wooble_vertex" language="glsl" src="glsl/filters_common_vertex_v20.glsl"/>
	<shader name="filters_wooble_fragment" language="glsl" src="glsl/filters_wooble_fragment.glsl"/>
	
	<program name="WBFx" language="glsl" fragmentShader="filters_wooble_fragment" vertexShader="filters_wooble_vertex" />

  <script name="mainScript" language="lua" src="main.lua"/>
</renderitem>